{"cameraMode":{"drawMode":0,"name":"Shaded","section":"Shading Mode"},"sceneLighting":false,"audioPlay":false,"sceneViewState":{"m_AlwaysRefresh":false,"showFog":true,"showSkybox":false,"showFlares":true,"showImageEffects":true,"showParticleSystems":true,"showVisualEffectGraphs":true,"m_FxEnabled":true},"in2DMode":false,"pivot":{"x":23.17528533935547,"y":1.2000000476837159,"z":27.735628128051759},"rotation":{"x":-0.09882944822311402,"y":0.8851232528686523,"z":-0.21971185505390168,"w":-0.39814072847366335},"size":3.003197431564331,"orthographic":false}