{"cameraMode":{"drawMode":0,"name":"Shaded","section":"Shading Mode"},"sceneLighting":true,"audioPlay":false,"sceneViewState":{"m_AlwaysRefresh":false,"showFog":true,"showSkybox":true,"showFlares":true,"showImageEffects":true,"showParticleSystems":true,"showVisualEffectGraphs":true,"m_FxEnabled":true},"in2DMode":false,"pivot":{"x":6.356719970703125,"y":1.131637454032898,"z":7.222402572631836},"rotation":{"x":0.08261958509683609,"y":0.04843549430370331,"z":-0.004040646832436323,"w":0.9953765869140625},"size":3.5223827362060549,"orthographic":false}