{"cameraMode":{"drawMode":0,"name":"Shaded","section":"Shading Mode"},"sceneLighting":true,"audioPlay":false,"sceneViewState":{"m_AlwaysRefresh":false,"showFog":true,"showSkybox":true,"showFlares":true,"showImageEffects":true,"showParticleSystems":true,"showVisualEffectGraphs":true,"m_FxEnabled":true},"in2DMode":false,"pivot":{"x":6.6022467613220219,"y":1.0067665576934815,"z":7.171807765960693},"rotation":{"x":0.0914791077375412,"y":0.06629104167222977,"z":-0.00612387852743268,"w":0.9935606122016907},"size":3.5223827362060549,"orthographic":false}